path,status,feature,source_or_basis,license,notice_path,evidence,commit
docs/rebuild/README.md,owned,governance,authored_for_rebuild,AGPL-3.0-only,-,initial,uncommitted
docs/rebuild/FEATURE_PARITY.md,owned,governance,authored_for_rebuild,AGPL-3.0-only,-,initial,uncommitted
docs/rebuild/PROVENANCE_LEDGER.csv,owned,governance,authored_for_rebuild,AGPL-3.0-only,-,initial,uncommitted
tools/provenance/README.md,owned,governance,authored_for_rebuild,AGPL-3.0-only,-,initial,uncommitted
tools/provenance/check-staged.mjs,owned,governance,authored_for_rebuild,AGPL-3.0-only,-,initial,uncommitted
packages/rust/looper-ts/THIRD_PARTY_NOTICES.md,permissive,attribution,parakeet-rs@7deba612fc9a30c4a7182f4eaa53554cb2fa42c8,MIT,packages/rust/looper-ts/THIRD_PARTY_NOTICES.md,upstream-license-verified-2026-08-16,pending
packages/rust/looper-ts/src/parakeet/features.rs,permissive,parakeet,parakeet-rs@7deba612fc9a30c4a7182f4eaa53554cb2fa42c8,MIT,packages/rust/looper-ts/THIRD_PARTY_NOTICES.md,upstream-license-verified-2026-08-16,pending
packages/rust/looper-ts/src/parakeet/mod.rs,permissive,parakeet,parakeet-rs@7deba612fc9a30c4a7182f4eaa53554cb2fa42c8,MIT,packages/rust/looper-ts/THIRD_PARTY_NOTICES.md,upstream-license-verified-2026-08-16,pending
packages/rust/looper-ts/src/parakeet/model.rs,permissive,parakeet,parakeet-rs@7deba612fc9a30c4a7182f4eaa53554cb2fa42c8,MIT,packages/rust/looper-ts/THIRD_PARTY_NOTICES.md,upstream-license-verified-2026-08-16,pending
packages/rust/looper-ts/src/parakeet/timestamps.rs,permissive,parakeet,parakeet-rs@7deba612fc9a30c4a7182f4eaa53554cb2fa42c8,MIT,packages/rust/looper-ts/THIRD_PARTY_NOTICES.md,upstream-license-verified-2026-08-16,pending
packages/rust/looper-ts/src/parakeet/vocab.rs,permissive,parakeet,parakeet-rs@7deba612fc9a30c4a7182f4eaa53554cb2fa42c8,MIT,packages/rust/looper-ts/THIRD_PARTY_NOTICES.md,upstream-license-verified-2026-08-16,pending
packages/rust/looper-ts/src/cohere/decoder.rs,permissive,cohere-engine,transcribe-rs@343768c100d566b135fbb7a2441e61fa8aa177f2,MIT,packages/rust/looper-ts/THIRD_PARTY_NOTICES.md,upstream-license-verified-2026-08-16,pending
packages/rust/looper-ts/src/cohere/mod.rs,permissive,cohere-engine,transcribe-rs@343768c100d566b135fbb7a2441e61fa8aa177f2,MIT,packages/rust/looper-ts/THIRD_PARTY_NOTICES.md,upstream-license-verified-2026-08-16,pending
packages/rust/looper-ts/src/cohere/vocab.rs,permissive,cohere-engine,transcribe-rs@343768c100d566b135fbb7a2441e61fa8aa177f2,MIT,packages/rust/looper-ts/THIRD_PARTY_NOTICES.md,upstream-license-verified-2026-08-16,pending
packages/rust/looper-ts/src/vad/mod.rs,replaced,audio-vad,manual-review-quiet-cut-replaced,project-license-pending,-,targeted-tests-pending,pending
packages/rust/looper-ts/src/vad/quiet_cut.rs,replaced,audio-vad,authored-quiet-cut-search,project-license-pending,-,targeted-tests-pending,pending
packages/rust/looper-ts/src/long_form.rs,replaced,long-form,manual-review-dedupe-clean-room,project-license-pending,-,cargo-test-long-form-2026-08-16,pending
packages/rust/looper-ts/src/types.rs,owned,transcription-contracts,manual-review-low-similarity,project-license-pending,-,cargo-test-types-2026-08-16,pending
packages/rust/looper-ts/src/error.rs,owned,transcription-contracts,manual-review-low-similarity,project-license-pending,-,cargo-test-error-2026-08-16,pending
packages/rust/looper-ts/src/runtime.rs,owned,transcription-runtime,manual-review-low-similarity,project-license-pending,-,cargo-test-runtime-2026-08-16,pending
packages/rust/looper-ts/src/audio.rs,replaced,audio-preparation,authored-rate-conversion,project-license-pending,-,cargo-test-audio-2026-08-16,pending
apps/desktop/src/shared/lib/modelStats.ts,replaced,model-statistics,authored-model-display-rules,project-license-pending,-,desktop-tests-and-typecheck-2026-08-16,pending
apps/desktop/src/shared/lib/modelStats.test.ts,owned,model-statistics-tests,authored-model-statistics-tests,project-license-pending,-,desktop-tests-and-typecheck-2026-08-16,pending
apps/desktop/src/shared/lib/shortcuts.ts,replaced,shortcut-display,authored-shortcut-token-display,project-license-pending,-,desktop-tests-and-typecheck-2026-08-16,pending
apps/desktop/src/shared/lib/shortcuts.test.ts,owned,shortcut-display-tests,authored-shortcut-display-tests,project-license-pending,-,desktop-tests-and-typecheck-2026-08-16,pending
apps/desktop/src/shared/lib/platform.ts,replaced,platform-contracts,authored-platform-capabilities-contract,project-license-pending,-,desktop-tests-and-typecheck-2026-08-16,pending
apps/desktop/src/platform/service.ts,replaced,platform-detection,authored-platform-detection-and-capabilities,project-license-pending,-,desktop-tests-and-typecheck-2026-08-16,pending
apps/desktop/src/platform/service.test.ts,owned,platform-detection-tests,authored-platform-detection-tests,project-license-pending,-,desktop-tests-and-typecheck-2026-08-16,pending
apps/desktop/src/shared/lib/modelCapabilities.ts,replaced,model-capabilities,authored-capability-contract,project-license-pending,-,desktop-tests-and-typecheck-2026-08-16,pending
apps/desktop/src/shared/lib/modelCapabilities.test.ts,owned,model-capabilities-tests,authored-capability-tests,project-license-pending,-,desktop-tests-and-typecheck-2026-08-16,pending
apps/desktop/src/shared/lib/textSize.ts,replaced,text-scaling,authored-platform-scale-table,project-license-pending,-,desktop-tests-and-typecheck-2026-08-16,pending
apps/desktop/src/shared/lib/textSize.test.ts,owned,text-scaling-tests,authored-text-scale-tests,project-license-pending,-,desktop-tests-and-typecheck-2026-08-16,pending
apps/desktop/src/features/library/components/format-timestamp.ts,replaced,library-timestamps,authored-elapsed-time-formatting,project-license-pending,-,targeted-tests-and-typecheck-2026-08-16,pending
apps/desktop/src/features/library/components/format-timestamp.test.ts,owned,library-timestamp-tests,authored-elapsed-time-tests,project-license-pending,-,targeted-tests-and-typecheck-2026-08-16,pending
apps/desktop/src/features/library/components/meeting-note-markers.ts,owned,meeting-note-transcript,manual-review-low-similarity,project-license-pending,-,targeted-tests-and-typecheck-2026-08-16,pending
apps/desktop/src/features/library/components/meeting-note-markers.test.ts,owned,meeting-note-transcript-tests,manual-review-low-similarity,project-license-pending,-,targeted-tests-and-typecheck-2026-08-16,pending
apps/desktop/src/shared/lib/groupByDay.ts,owned,day-grouping,manual-review-low-similarity,project-license-pending,-,targeted-tests-and-typecheck-2026-08-16,pending
apps/desktop/src/shared/lib/groupByDay.test.ts,owned,day-grouping-tests,manual-review-low-similarity,project-license-pending,-,targeted-tests-and-typecheck-2026-08-16,pending
apps/desktop/src/features/library/components/meeting-transcript.ts,owned,meeting-transcript-grouping,manual-review-low-similarity,project-license-pending,-,targeted-tests-and-typecheck-2026-08-16,pending
apps/desktop/src/features/library/components/meeting-transcript.test.ts,owned,meeting-transcript-grouping-tests,authored-meeting-transcript-tests,project-license-pending,-,targeted-tests-and-typecheck-2026-08-16,pending
apps/desktop/src/features/library/components/library-inbox-groups.ts,owned,library-recency-groups,manual-review-low-similarity,project-license-pending,-,targeted-tests-and-typecheck-2026-08-16,pending
apps/desktop/src/features/library/components/library-inbox-groups.test.ts,owned,library-recency-group-tests,manual-review-low-similarity,project-license-pending,-,targeted-tests-and-typecheck-2026-08-16,pending
apps/desktop/src/features/library/components/library-waveform.ts,owned,library-mini-waveform,manual-review-low-similarity,project-license-pending,-,targeted-tests-and-typecheck-2026-08-16,pending
apps/desktop/src/features/library/components/library-waveform.test.ts,owned,library-mini-waveform-tests,authored-library-waveform-tests,project-license-pending,-,targeted-tests-and-typecheck-2026-08-16,pending
package.json,owned,workspace-manifest,looper-monorepo-manifest,project-license-pending,-,desktop-build-2026-08-16,pending
pnpm-workspace.yaml,owned,workspace-layout,looper-monorepo-layout,project-license-pending,-,desktop-build-2026-08-16,pending
turbo.json,owned,workspace-tasks,looper-monorepo-task-graph,project-license-pending,-,desktop-build-2026-08-16,pending
tsconfig.base.json,owned,typescript-baseline,looper-monorepo-compiler-baseline,project-license-pending,-,desktop-build-2026-08-16,pending
.npmrc,owned,package-manager-config,looper-pnpm-layout,project-license-pending,-,desktop-build-2026-08-16,pending
.nvmrc,owned,node-runtime-config,looper-node-runtime,project-license-pending,-,desktop-build-2026-08-16,pending
apps/desktop/package.json,replaced,desktop-manifest,reconstructed-desktop-dependency-manifest,project-license-pending,-,desktop-build-2026-08-16,pending
apps/desktop/tsconfig.json,replaced,desktop-typescript,reconstructed-from-workspace-requirements,project-license-pending,-,desktop-typecheck-2026-08-16,pending
apps/desktop/tsconfig.node.json,replaced,desktop-tooling-typescript,reconstructed-from-tooling-requirements,project-license-pending,-,desktop-typecheck-2026-08-16,pending
apps/desktop/vite.config.ts,replaced,desktop-build-config,authored-tauri-vite-configuration,project-license-pending,-,desktop-build-2026-08-16,pending
apps/desktop/vitest.config.ts,replaced,desktop-test-config,authored-desktop-test-configuration,project-license-pending,-,desktop-tests-2026-08-16,pending
apps/desktop/tailwind.config.js,replaced,desktop-design-tokens,authored-token-scale-configuration,project-license-pending,-,desktop-build-2026-08-16,pending
apps/desktop/index.html,replaced,desktop-entry-document,authored-looper-entry-document,project-license-pending,-,desktop-build-2026-08-16,pending
apps/desktop/src/types/app.ts,replaced,desktop-app-info-contract,reconstructed-from-native-app-info,project-license-pending,-,desktop-typecheck-2026-08-16,pending
apps/desktop/src/types/toast.ts,replaced,desktop-toast-contract,reconstructed-from-native-toast-payload,project-license-pending,-,targeted-tests-and-typecheck-2026-08-16,pending
apps/desktop/src/types/transcription.ts,replaced,desktop-transcription-contract,reconstructed-from-native-transcription-record,project-license-pending,-,targeted-tests-and-typecheck-2026-08-16,pending
apps/desktop/src/types/import.ts,replaced,desktop-import-contract,reconstructed-from-native-import-commands,project-license-pending,-,targeted-tests-and-typecheck-2026-08-16,pending
apps/desktop/src/data/imports.ts,replaced,desktop-import-api,reconstructed-from-native-command-surface,project-license-pending,-,targeted-tests-and-typecheck-2026-08-16,pending
apps/desktop/src/data/imports.test.ts,owned,desktop-import-api-tests,authored-import-command-tests,project-license-pending,-,targeted-tests-and-typecheck-2026-08-16,pending
apps/desktop/src-tauri/src/**,unreviewed,desktop,,pending,-,pending,uncommitted
apps/desktop/src/**,unreviewed,desktop,,pending,-,pending,uncommitted
apps/mobile/**,unreviewed,mobile,,pending,-,pending,uncommitted
apps/web/**,unreviewed,web,,pending,-,pending,uncommitted
backend/**,unreviewed,backend,,pending,-,pending,uncommitted
packages/**,unreviewed,packages,,pending,-,pending,uncommitted
